X1,X2,Quadratic_Value,Class
3.05,-4.072,-4.806,0
3.079,4.354,2.375,1
0.153,-1.349,0.886,1
-2.142,-3.242,-1.815,0
-4.461,-5.0,-10.416,0
-1.166,-4.396,-2.902,0
-0.915,-2.853,-1.595,0
-4.547,-0.823,-5.855,0
-4.512,1.016,-4.812,0
4.992,4.81,-0.865,0
1.524,3.905,4.847,1
-2.655,-2.577,-4.047,0
-0.651,1.115,4.131,1
4.742,4.215,-1.024,0
3.977,-3.984,-7.182,0
3.442,3.54,1.739,1
-1.076,-1.039,0.323,1
-0.07,2.817,4.67,1
1.767,-1.774,-0.396,0
-4.392,1.257,-2.898,0
0.556,0.07,2.568,1
-2.285,-3.956,-3.646,0
3.797,2.598,-0.75,0
-4.358,3.229,-1.542,0
1.792,-0.17,1.427,1
3.701,-1.12,-2.978,0
-2.727,4.475,3.651,1
3.954,-1.257,-5.04,0
3.722,3.796,1.759,1
-4.815,-0.814,-6.458,0
2.075,-1.265,-0.319,0
-4.988,-1.386,-8.947,0
0.034,-4.4,-2.643,0
-0.633,-2.227,-0.702,0
-2.967,-2.705,-3.652,0
-1.751,-4.377,-4.544,0
3.062,0.416,-0.04,0
-1.835,-0.578,0.438,1
-3.51,-4.749,-6.777,0
1.985,-3.441,-3.59,0
-0.515,4.187,6.077,1
2.989,-3.664,-3.924,0
-2.645,-1.267,-2.735,0
-1.802,4.508,5.57,1
2.999,-3.866,-4.56,0
0.071,-0.902,0.647,1
0.064,3.011,5.539,1
-2.638,-4.809,-5.459,0
-4.855,-4.322,-9.771,0
4.332,4.299,0.073,1
-4.142,1.842,-2.016,0
3.449,-2.39,-3.248,0
-1.321,-0.198,1.732,1
4.51,-2.511,-6.78,0
-1.006,3.924,4.797,1
4.364,4.498,-0.589,0
0.562,-4.29,-1.856,0
-2.599,0.241,0.466,1
2.414,-3.16,-3.236,0
1.744,-0.956,0.486,1
1.842,2.412,2.536,1
-0.362,2.133,4.226,1
-2.781,-3.102,-4.555,0
1.409,-1.677,-0.151,0
-3.929,-0.747,-4.467,0
1.922,-1.137,-0.847,0
1.354,1.821,3.216,1
-1.235,2.884,5.531,1
2.985,-1.646,-3.422,0
-3.06,-0.588,-2.256,0
-1.095,-4.327,-2.053,0
2.979,-1.332,-2.714,0
-1.195,4.47,7.12,1
2.133,0.022,0.575,1
1.125,0.572,2.188,1
4.41,1.061,-3.514,0
4.917,0.672,-4.658,0
2.237,3.045,3.719,1
3.088,-2.404,-3.407,0
-3.471,-1.834,-3.888,0
2.129,3.868,3.266,1
3.476,-0.001,-2.806,0
-0.988,4.598,7.221,1
0.533,-3.611,-1.176,0
-0.205,2.832,5.146,1
4.585,-0.27,-5.214,0
-1.827,-0.261,0.217,1
-0.979,3.811,5.695,1
-4.991,-3.694,-10.997,0
-0.798,0.144,2.176,1
1.314,-2.504,-1.573,0
4.35,-1.572,-6.332,0
4.237,3.173,-0.815,0
-1.727,-1.018,-0.274,0
4.889,2.844,-3.099,0
-3.123,-4.865,-5.983,0
3.233,4.993,3.57,1
-3.427,4.553,3.302,1
-0.949,1.785,2.512,1
-4.265,-3.032,-8.437,0
3.58,1.568,-0.518,0
3.288,-3.098,-4.27,0
-3.602,-1.266,-2.5,0
0.271,-4.65,-2.184,0
-2.419,-4.298,-3.805,0
-0.082,-3.423,-1.999,0
0.532,-3.181,-0.791,0
-3.937,3.384,0.396,1
3.644,-2.559,-5.893,0
-2.213,3.254,2.958,1
-0.529,-4.938,-3.108,0
-4.427,-4.421,-9.095,0
-4.973,-4.391,-12.959,0
-3.048,4.316,3.11,1
-1.583,3.173,4.445,1
4.281,-4.844,-9.374,0
3.897,4.315,1.173,1
-0.195,-2.735,-0.452,0
-0.452,-2.355,-1.084,0
1.67,0.844,2.138,1
3.588,-2.953,-5.621,0
-1.627,4.749,5.208,1
2.937,-1.337,-2.22,0
-1.01,0.711,3.32,1
0.941,0.725,1.466,1
2.375,-2.183,-3.232,0
0.014,2.346,3.271,1
1.908,4.923,6.934,1
1.973,0.957,1.431,1
-4.943,-4.162,-10.752,0
-4.609,3.081,-2.867,0
-3.51,1.668,-1.254,0
-2.864,-0.102,-2.289,0
-2.968,1.543,0.571,1
-4.51,-2.386,-7.338,0
-2.828,-1.962,-4.045,0
1.009,0.153,1.118,1
3.861,-4.316,-8.016,0
-1.505,0.88,2.07,1
-1.336,-3.176,-1.642,0
-0.833,-2.461,0.028,1
1.803,3.999,5.748,1
2.853,0.879,0.725,1
4.41,-2.561,-6.495,0
-1.243,1.99,2.691,1
2.068,4.966,5.109,1
-1.584,3.976,5.841,1
3.24,2.988,1.502,1
-2.694,-1.674,-2.201,0
3.71,0.831,-3.273,0
0.051,0.85,1.64,1
2.253,-4.115,-3.417,0
0.35,1.927,4.106,1
-1.839,0.211,0.835,1
-0.057,0.219,1.95,1
-4.495,2.373,-3.823,0
-4.57,-4.226,-9.295,0
0.3,-2.874,-0.233,0
-0.228,4.878,7.927,1
3.331,-2.003,-3.855,0
-4.799,-2.447,-8.64,0
0.569,-4.282,-3.107,0
-0.094,-1.876,0.916,1
0.98,0.605,3.378,1
2.296,-4.609,-4.852,0
0.247,-2.11,0.058,1
0.63,-2.436,-0.516,0
-0.082,-3.46,-1.835,0
1.152,2.919,2.831,1
-2.519,4.623,4.164,1
0.526,4.155,6.453,1
1.724,-0.592,-0.57,0
-3.089,-4.337,-6.221,0
4.904,-1.51,-10.061,0
2.465,0.246,0.954,1
4.553,-1.197,-6.129,0
-2.061,2.312,2.855,1
-0.565,2.431,4.144,1
-2.386,3.967,3.561,1
-4.533,-0.308,-5.552,0
-4.833,-2.616,-8.993,0
-2.533,4.112,3.705,1
3.613,3.843,1.253,1
-3.363,-3.732,-5.609,0
1.896,-2.886,-1.137,0
-2.506,1.601,0.46,1
-4.344,3.208,-1.227,0
-3.075,4.602,2.886,1
1.779,-4.789,-4.637,0
0.017,-3.108,-2.648,0
0.49,-0.77,1.54,1
-0.468,0.509,1.788,1
-2.257,2.784,2.508,1
-0.117,0.567,2.861,1
4.224,0.186,-4.771,0
-2.985,-2.607,-3.716,0
2.327,1.501,1.55,1
-2.489,0.824,1.171,1
-3.066,4.457,3.817,1
-1.762,-3.102,-2.758,0
