pregnant,glucose,bp,skin,insulin,bmi,pedigree,age,label
9,140,59,24,107,45.3,0.223,21,1
11,123,80,34,190,35.9,0.996,25,1
0,93,69,40,315,38.8,0.306,21,0
11,71,61,29,110,18.1,0.647,29,0
6,123,79,24,239,15.0,0.08,26,0
7,110,67,14,153,23.7,0.08,53,1
8,109,94,31,188,39.4,0.806,21,1
4,110,79,26,80,40.3,0.714,47,1
13,129,74,27,58,17.8,0.76,37,1
0,129,64,23,104,19.5,0.548,36,0
3,149,68,21,52,36.6,0.385,25,1
5,148,83,25,121,33.7,0.347,23,1
7,160,65,34,27,35.0,0.116,29,1
5,144,82,39,122,36.6,0.356,32,1
1,110,48,29,138,24.7,0.925,40,1
0,118,75,32,285,32.8,0.43,27,0
0,135,83,27,277,29.9,0.08,52,0
0,111,77,28,168,40.6,0.403,53,1
2,136,73,16,76,29.6,0.158,21,0
13,155,85,38,176,18.4,0.104,34,1
2,96,63,35,195,40.8,0.445,31,1
9,67,61,43,104,44.7,0.229,21,1
10,156,74,23,45,38.8,0.08,21,1
3,121,87,30,0,29.5,0.981,21,1
3,141,78,20,118,25.1,1.046,31,1
6,80,71,32,295,39.0,0.526,41,1
3,172,77,28,103,28.0,0.966,38,1
13,142,78,36,157,35.5,0.329,39,1
2,116,58,28,155,37.4,0.468,30,0
12,109,40,35,165,30.9,0.909,45,1
11,123,61,24,192,17.5,0.576,39,1
11,115,55,35,0,35.4,0.747,46,1
1,112,66,26,108,24.7,0.08,31,0
5,86,58,25,156,20.7,0.572,25,0
8,158,63,30,114,31.5,0.336,21,1
6,119,78,33,231,32.8,0.44,51,1
9,122,74,16,89,31.1,0.08,26,0
9,123,73,15,205,36.3,0.22,21,0
9,50,93,31,281,18.2,0.671,21,0
0,136,67,29,100,35.9,0.667,40,0
13,110,68,10,125,43.4,0.728,21,0
7,111,88,13,96,31.2,0.754,34,1
12,122,60,22,192,28.2,0.835,36,0
3,91,53,32,0,30.5,0.6,50,0
5,145,89,31,0,40.5,0.395,24,1
12,99,77,39,97,30.4,0.283,21,1
2,93,80,41,202,26.1,0.334,43,0
0,94,81,52,177,19.7,0.153,36,0
5,125,84,15,50,41.8,0.144,25,1
9,142,68,29,268,42.0,0.442,33,1
1,102,72,40,134,31.9,0.08,56,0
12,75,60,17,67,46.6,0.08,34,1
4,152,75,16,172,29.0,0.206,25,1
3,88,76,31,241,37.0,0.645,32,1
7,156,68,40,118,22.5,0.826,40,1
12,118,81,41,0,24.7,0.58,37,0
12,99,109,12,74,31.8,0.457,37,1
12,101,60,17,132,35.2,0.31,37,0
4,134,83,28,209,36.2,0.839,21,0
0,147,85,24,34,25.5,0.706,40,0
10,114,86,32,148,28.1,0.256,46,1
9,148,64,31,17,31.1,0.464,41,1
10,183,88,46,131,29.9,0.609,32,1
0,114,81,29,4,30.0,0.775,32,0
0,86,72,31,83,37.7,0.365,35,0
7,88,69,30,0,40.2,0.97,34,1
4,78,77,40,36,18.7,0.862,21,0
6,101,85,19,0,41.3,0.337,32,1
13,98,84,33,0,33.2,0.413,48,1
2,80,101,22,235,34.2,0.173,29,0
7,136,70,16,231,34.3,0.181,27,1
4,50,81,41,168,38.6,0.583,40,1
4,80,69,34,92,36.9,0.951,34,1
11,180,83,43,257,21.0,0.956,25,1
2,151,75,32,99,38.1,0.547,35,1
4,136,67,36,163,23.9,0.363,54,1
1,134,58,31,227,34.7,0.274,55,1
2,173,65,35,145,33.5,0.63,35,1
3,136,77,25,258,21.0,0.337,31,1
9,122,92,46,112,32.1,0.725,48,1
8,83,83,21,111,30.1,0.451,39,0
6,118,60,46,137,27.2,0.587,40,0
2,98,68,28,21,46.4,0.321,33,1
11,99,74,38,29,33.1,1.158,21,1
11,99,72,31,196,29.3,0.867,21,1
3,119,74,34,0,44.4,0.522,32,1
0,110,83,44,228,31.8,0.204,21,0
4,146,76,31,151,31.0,0.679,43,0
2,80,65,20,233,17.7,0.742,45,0
11,115,50,32,195,36.2,0.121,51,1
7,176,69,36,180,39.1,0.519,35,1
7,121,53,6,283,45.6,1.167,57,1
4,156,71,39,119,24.8,0.554,49,1
7,154,76,40,117,39.4,0.366,38,1
13,159,56,12,228,41.9,0.691,43,1
3,142,71,28,67,37.1,1.096,27,1
10,79,68,38,229,32.0,0.351,21,1
0,112,95,18,189,20.2,0.355,46,1
4,109,77,25,81,33.3,0.42,40,0
13,74,49,26,12,28.0,0.525,54,0
12,106,77,35,0,19.6,0.892,39,0
1,82,77,40,295,36.3,0.611,31,0
11,70,69,29,0,31.1,0.08,28,0
11,126,67,30,17,30.3,0.645,26,0
6,119,79,39,204,46.0,0.634,36,1
5,99,79,35,169,28.2,0.713,21,0
13,91,77,28,145,17.2,0.594,21,1
13,104,59,43,133,16.2,0.463,44,0
9,108,68,16,87,35.7,0.673,21,0
5,108,52,31,42,30.4,0.28,21,0
2,118,53,25,58,26.6,0.08,26,0
13,107,64,25,179,16.9,0.392,28,0
3,132,58,31,222,26.0,0.14,34,1
7,136,66,30,231,23.9,1.056,44,1
9,131,101,54,121,31.1,0.463,37,1
3,100,77,36,0,25.8,1.013,40,0
4,102,60,33,170,25.7,0.08,26,0
10,133,45,46,111,31.5,0.098,34,0
2,114,61,39,0,26.3,0.635,25,1
9,119,53,11,249,34.1,0.08,32,1
13,50,44,31,144,15.0,0.282,40,0
9,50,79,37,120,23.0,0.08,39,1
9,130,65,24,142,40.4,0.629,21,1
6,130,76,32,136,33.3,0.08,21,0
13,162,108,25,146,24.1,0.443,57,1
3,142,74,33,135,30.5,0.08,21,0
4,127,72,13,127,27.7,0.645,34,0
8,120,75,10,177,29.2,0.836,21,1
9,77,67,24,157,41.9,0.524,31,0
1,146,61,32,343,28.8,0.159,26,1
2,102,68,43,138,33.3,0.623,34,0
9,135,84,27,80,25.7,0.804,21,1
11,126,67,22,72,26.5,0.734,46,0
8,128,54,38,161,20.8,0.897,60,0
13,147,56,30,138,27.1,1.107,21,1
5,105,58,47,149,28.8,0.556,23,1
4,108,71,28,109,29.6,0.395,21,0
11,94,76,10,111,32.1,0.271,35,1
0,109,76,21,195,32.4,0.476,50,1
2,170,85,20,250,36.4,0.404,50,1
2,109,68,16,158,30.2,0.305,49,1
5,156,81,22,117,41.1,0.592,36,1
2,145,75,23,22,36.1,1.132,27,1
11,142,79,26,22,41.6,0.218,47,1
11,144,49,24,131,31.4,0.318,26,1
5,90,86,33,104,40.4,0.36,24,1
0,131,53,33,117,32.5,0.139,34,1
9,168,58,31,26,20.1,0.822,21,1
1,99,81,31,114,31.6,0.424,31,1
8,119,67,11,0,30.5,0.671,22,0
2,99,93,13,17,21.5,0.08,34,1
13,130,74,21,53,24.8,0.658,45,1
9,88,59,32,178,27.5,0.43,27,1
13,168,74,15,69,48.0,0.08,39,1
8,109,67,25,39,34.0,0.756,45,1
10,74,90,32,148,44.7,0.783,24,0
5,174,91,49,114,38.4,0.547,32,1
11,149,81,32,206,39.5,0.627,29,1
1,136,67,24,152,37.6,0.16,55,1
2,136,73,40,142,21.3,0.812,27,1
5,109,84,31,105,40.7,0.395,35,1
9,113,62,26,182,24.8,0.63,21,0
6,142,62,40,56,35.0,0.67,22,1
11,148,82,20,0,31.1,0.632,40,1
13,148,81,31,203,43.3,0.233,30,1
5,126,69,30,78,40.4,0.564,42,1
5,106,69,38,125,44.9,0.521,34,1
7,114,48,18,177,35.4,0.862,65,1
9,153,86,16,212,32.0,0.226,30,1
6,163,70,25,0,37.4,0.789,45,1
8,110,55,26,26,48.9,0.631,25,1
13,106,58,29,231,35.6,0.492,28,1
10,157,61,25,0,32.3,1.096,21,1
4,142,92,33,163,23.3,0.741,65,0
5,141,80,36,87,26.7,0.294,21,0
5,81,56,31,40,31.4,0.574,35,0
2,109,94,19,108,36.7,0.227,28,1
0,105,88,40,0,36.3,0.089,43,1
11,126,59,14,157,31.3,0.308,27,1
5,69,40,27,226,32.9,0.312,56,0
4,158,84,38,0,42.8,1.037,47,1
8,129,65,23,59,45.0,0.737,40,1
7,133,70,42,228,40.4,0.08,40,1
13,84,66,48,153,42.8,0.422,46,1
8,119,87,45,90,40.8,0.243,39,1
12,160,90,33,249,44.8,0.426,53,1
8,73,82,39,0,23.1,0.531,44,0
4,129,70,24,95,28.4,0.486,33,1
4,141,75,33,128,33.7,0.612,39,1
13,99,79,33,91,34.7,0.214,37,0
8,144,53,30,192,41.4,0.938,48,1
2,110,87,30,0,19.1,0.428,31,0
11,157,68,27,124,33.1,0.878,35,1
11,136,75,9,48,33.9,0.44,21,1
0,127,74,33,228,27.3,0.636,42,1
2,180,83,32,214,31.0,0.156,37,1
9,145,85,49,52,39.1,0.838,26,1
5,159,99,36,20,35.3,0.567,55,1
4,84,68,30,115,31.2,0.339,35,0
1,101,61,38,42,33.5,0.597,21,0
2,145,74,35,68,31.2,0.627,48,0
12,147,64,29,158,38.6,0.08,32,1
11,118,83,25,78,31.3,0.224,21,1
11,143,63,14,283,39.0,0.143,38,1
8,88,74,30,125,28.2,0.744,34,0
1,126,84,45,72,31.8,0.532,35,0
4,86,84,10,18,24.2,0.251,32,0
7,130,75,19,72,30.6,0.236,24,0
13,105,89,36,219,38.0,0.457,36,1
3,101,88,31,169,25.0,0.08,21,0
7,122,52,33,248,29.6,0.414,32,1
6,175,77,10,238,32.8,0.986,45,1
7,90,74,23,169,29.6,0.08,46,0
7,102,69,34,56,38.0,0.08,28,1
9,152,65,35,106,23.4,0.097,57,1
1,107,73,32,125,38.2,0.615,38,1
13,173,77,20,0,41.4,0.221,29,1
12,127,76,34,149,43.8,1.087,36,1
10,123,89,17,25,31.7,0.403,26,0
3,131,84,20,111,26.5,0.306,45,0
6,172,65,17,73,21.0,0.107,23,1
6,140,63,43,172,36.9,0.695,26,0
4,136,83,25,357,37.9,0.824,21,1
0,128,64,29,11,34.2,0.526,24,1
10,73,74,7,118,34.6,0.9,31,1
0,93,78,40,304,36.9,0.88,57,0
10,165,85,34,36,29.6,0.589,37,1
2,145,79,12,99,21.8,0.492,48,0
9,135,90,13,110,22.1,0.291,35,1
4,139,67,45,148,26.6,0.546,45,1
3,104,81,19,0,25.7,0.358,22,0
12,130,65,47,147,21.0,0.961,21,0
6,93,75,24,174,29.1,0.723,57,0
12,132,74,4,350,24.8,0.42,39,0
2,99,61,40,113,36.8,0.347,21,1
6,114,41,34,68,31.6,0.612,41,1
4,134,84,36,132,37.8,0.822,32,1
6,110,77,24,0,22.8,0.569,31,1
0,139,74,27,151,24.4,0.813,44,1
9,134,64,38,261,20.9,0.33,21,1
4,131,69,21,117,34.2,0.552,49,1
12,160,78,9,117,54.1,0.694,37,1
2,76,73,38,98,33.7,0.545,28,1
4,72,86,23,133,29.1,0.608,21,0
0,138,74,42,8,33.7,0.817,55,1
11,148,63,24,260,31.9,0.482,30,1
7,180,80,25,79,39.0,0.812,21,1
5,143,65,26,79,32.1,0.315,32,1
12,145,75,5,270,26.0,0.648,40,1
8,94,51,41,123,18.8,0.345,41,0
13,143,68,23,83,34.7,0.362,52,1
10,140,79,27,270,39.2,0.686,41,1
8,88,65,43,138,33.2,0.91,33,0
7,93,72,30,207,25.9,0.451,61,1
2,117,79,38,70,29.1,0.524,58,1
9,129,73,32,0,29.9,0.93,21,1
11,50,94,37,138,36.3,0.231,46,0
9,122,69,32,251,31.7,0.796,27,1
5,127,70,40,80,40.4,0.113,52,1
0,115,70,27,155,30.8,0.08,23,0
10,128,49,33,188,27.6,0.612,38,1
0,134,54,22,146,45.2,0.403,53,1
11,90,79,41,129,25.1,0.33,38,0
2,132,68,7,192,26.6,0.08,47,0
4,112,89,31,142,46.9,0.617,26,1
2,92,71,32,75,34.2,0.344,21,0
7,126,70,32,218,44.8,0.108,21,1
2,165,85,29,196,15.0,0.457,41,1
3,76,76,42,157,41.0,0.101,26,0
0,70,92,50,188,32.2,0.239,52,1
13,70,60,23,0,32.9,0.225,30,1
3,179,78,10,148,35.6,0.812,50,1
2,112,80,18,127,15.0,0.453,38,1
8,118,79,21,0,25.8,0.914,21,1
1,96,86,28,311,35.3,0.222,35,1
12,92,85,28,155,55.0,0.095,40,1
10,59,73,40,84,26.9,1.068,40,1
4,125,66,25,90,48.8,0.08,33,1
5,128,84,29,148,36.7,0.888,47,1
5,61,73,30,122,39.4,0.124,46,0
10,89,84,20,0,25.4,0.723,46,1
5,98,89,26,88,36.5,0.244,25,0
3,119,75,56,164,26.1,0.985,21,0
9,127,62,28,179,23.6,1.139,41,1
1,154,70,19,202,41.2,0.832,24,1
10,161,82,7,28,27.2,0.606,27,1
5,152,70,39,67,28.6,0.369,31,1
13,160,87,26,158,37.1,0.75,38,1
3,85,73,23,69,26.4,1.184,21,0
5,103,75,53,144,23.2,0.343,32,0
12,154,66,43,49,33.8,0.118,50,1
9,129,72,12,178,34.1,1.082,21,1
0,121,86,25,130,42.9,0.42,30,1
4,61,69,39,178,24.2,0.736,52,0
0,64,69,37,128,37.2,0.558,44,0
11,142,64,18,54,37.2,0.585,42,1
5,130,82,47,15,29.0,0.405,36,0
3,111,55,47,130,31.0,0.451,21,0
10,108,65,18,71,32.3,0.08,35,1
12,68,84,11,0,24.8,0.31,23,0
1,131,90,15,76,22.8,0.212,36,0
7,151,70,36,198,37.1,0.882,25,1
5,169,84,40,238,24.6,0.394,21,0
10,121,49,31,195,25.2,0.533,34,0
13,114,82,23,250,37.7,0.08,47,0
7,87,76,28,93,28.3,0.523,28,0
10,157,58,34,113,29.2,1.001,36,1
4,171,51,17,41,22.2,0.554,43,1
8,102,67,12,57,23.3,0.788,40,0
6,129,76,28,273,22.3,0.395,21,0
10,123,77,41,167,22.3,0.296,27,0
0,103,74,31,186,40.8,0.815,38,1
3,50,82,31,363,25.2,0.35,34,0
0,109,81,22,302,15.6,0.153,55,0
13,138,56,38,50,24.1,0.465,41,1
7,77,68,12,216,36.9,0.372,23,0
6,95,67,28,60,23.7,0.845,42,1
6,50,85,23,218,31.5,0.737,48,1
0,159,67,27,0,25.2,0.08,42,1
11,135,85,19,43,19.4,0.667,40,1
11,121,74,36,45,27.9,0.08,21,0
0,112,101,28,310,24.5,0.557,33,1
8,101,72,23,0,33.0,0.686,41,0
7,118,73,34,229,36.7,0.328,29,0
5,111,71,28,226,31.2,0.325,30,0
6,113,74,23,139,50.3,0.75,39,1
12,119,102,23,204,24.2,0.399,26,1
8,124,67,36,362,41.2,0.127,23,0
6,166,62,19,151,34.7,1.037,32,1
10,77,70,26,103,41.6,0.788,33,0
9,128,81,26,251,35.4,0.656,44,1
7,101,61,32,199,15.8,0.614,32,1
11,86,82,27,24,29.6,0.836,21,1
7,50,82,50,145,39.0,0.529,40,0
8,138,71,11,154,31.8,0.762,24,1
6,90,70,35,24,22.3,0.61,43,0
8,97,63,28,42,27.8,0.281,27,0
8,134,69,40,68,33.9,0.854,41,1
12,87,63,12,19,40.3,0.562,38,1
3,120,87,41,175,27.4,0.24,31,1
5,117,92,15,155,32.3,0.361,21,0
7,144,69,36,0,25.0,0.08,29,0
4,150,72,34,89,23.1,0.08,51,0
9,94,50,29,142,27.9,0.08,36,1
11,147,66,21,4,41.1,0.733,48,1
2,117,77,20,102,36.6,0.722,35,0
0,123,76,30,154,29.6,0.879,34,0
13,113,74,21,0,31.3,0.638,22,1
7,143,83,9,99,35.3,1.067,38,1
10,83,74,11,0,30.6,0.347,24,0
10,128,68,37,194,28.4,0.246,24,0
13,155,92,37,59,29.3,0.187,46,1
0,111,49,34,0,36.0,0.556,22,0
4,181,59,29,0,28.6,0.276,61,1
13,98,64,32,0,36.9,0.187,34,1
6,126,64,34,241,18.3,0.311,27,0
5,105,63,31,47,26.0,0.537,50,1
3,101,70,21,72,28.4,0.08,22,0
0,86,64,21,87,35.5,0.48,35,0
0,103,72,17,0,24.8,0.476,34,0
13,118,79,30,192,27.6,1.033,45,1
0,96,73,19,0,33.6,0.53,55,0
1,146,74,27,204,30.6,0.08,38,1
3,165,61,42,53,26.6,0.564,21,1
3,74,59,25,126,29.0,0.543,21,0
12,145,69,38,148,24.8,0.08,28,0
4,125,83,44,198,37.0,0.08,43,1
2,127,77,11,8,34.4,0.726,35,1
5,194,85,14,177,37.4,0.417,37,1
9,156,84,34,116,47.2,0.239,30,1
6,130,86,22,107,40.2,0.42,50,1
3,125,62,34,95,35.0,0.9,21,0
1,55,87,36,223,30.8,1.053,57,0
0,143,81,24,164,47.5,0.323,48,1
6,98,97,37,237,33.4,0.98,42,1
2,125,79,46,204,30.2,0.46,33,1
8,123,76,38,0,40.9,0.479,30,1
9,149,71,20,111,34.9,0.445,34,1
5,181,74,27,212,30.2,0.456,27,1
7,150,52,24,38,35.1,0.428,29,1
0,158,69,45,0,45.9,0.249,24,1
7,113,72,27,0,33.2,0.481,43,1
2,134,84,22,302,34.9,0.141,35,1
6,143,64,29,35,26.2,0.66,39,1
1,77,74,34,135,29.1,0.261,25,0
3,181,94,25,21,38.7,0.636,21,1
5,99,66,30,158,31.9,0.435,23,1
6,82,82,29,271,33.4,0.08,36,1
0,169,66,36,0,40.3,0.863,21,1
12,184,71,39,114,30.3,0.571,41,1
5,99,78,32,49,43.5,0.452,22,1
2,102,83,24,0,28.1,0.363,28,0
2,200,66,33,37,27.3,1.066,36,1
10,123,60,20,122,27.0,0.393,21,1
6,60,90,40,233,22.1,0.789,21,0
3,102,74,33,237,36.5,0.54,47,1
6,180,82,32,118,32.8,0.08,31,1
2,140,83,5,0,42.2,0.71,26,1
2,143,81,53,180,27.5,0.08,53,1
4,157,69,44,119,37.9,0.62,59,1
13,140,71,42,118,41.9,0.607,34,1
1,110,54,30,14,31.0,0.548,37,0
7,72,74,36,105,31.3,0.225,65,1
13,133,67,58,300,15.0,0.931,26,0
6,87,72,22,257,46.1,1.054,48,1
5,118,94,37,237,31.6,0.168,45,1
7,173,80,35,181,37.3,0.344,27,1
2,136,73,31,83,28.8,1.008,22,1
9,122,56,33,120,34.8,0.327,24,1
0,122,81,20,134,24.3,0.787,35,0
7,142,90,36,156,37.6,0.147,38,1
0,148,62,16,88,33.1,0.261,65,1
0,80,77,48,40,29.8,0.556,21,0
3,126,66,38,223,35.4,0.619,36,0
10,171,70,21,86,19.8,0.08,24,1
5,143,68,9,198,33.5,0.124,44,1
5,97,53,31,104,29.3,0.639,39,0
8,100,66,35,183,42.5,0.891,21,1
0,58,53,20,168,37.7,0.64,28,0
13,96,89,46,188,31.0,0.589,34,1
6,168,84,32,184,30.2,0.614,42,1
12,118,73,25,33,53.2,0.08,40,1
10,94,75,16,0,25.3,0.601,42,1
3,103,73,29,116,45.6,0.767,34,0
4,117,74,28,272,38.7,0.666,41,1
8,117,74,36,44,37.7,0.085,35,1
11,109,69,40,35,18.8,0.154,45,0
12,97,70,30,330,38.0,0.84,41,1
6,139,56,34,0,28.7,0.08,23,1
1,166,60,44,68,25.8,0.118,33,0
13,103,65,36,83,36.4,0.992,25,0
11,104,75,27,58,27.2,0.172,32,1
9,156,68,36,61,36.2,0.229,41,1
5,76,95,25,219,25.5,0.681,35,0
1,102,70,34,139,36.3,0.729,32,0
10,109,68,30,137,35.2,0.415,27,1
2,125,77,19,0,26.1,0.08,52,0
4,112,84,36,193,25.4,0.299,34,0
12,93,94,31,135,27.3,0.524,22,1
8,129,84,37,134,28.3,0.166,28,0
4,84,65,17,196,27.8,0.148,45,1
7,68,70,41,149,45.0,0.883,58,1
8,59,85,41,118,34.9,0.649,49,0
1,142,75,26,159,29.5,0.728,30,0
3,68,82,29,55,29.6,0.766,44,0
10,133,71,30,37,26.3,0.138,21,0
8,140,91,30,0,33.8,0.63,44,1
11,144,89,38,209,31.4,0.864,31,1
10,115,85,23,60,27.1,0.694,37,0
6,104,74,18,137,27.0,0.088,21,0
4,123,53,27,222,29.0,0.08,38,0
5,102,56,49,286,24.5,0.205,21,1
2,81,76,26,88,32.7,0.65,21,0
13,158,80,20,136,25.5,0.409,52,1
0,93,40,20,129,35.7,0.562,21,0
5,174,67,31,1,29.6,0.08,45,1
0,135,86,41,77,35.6,0.744,27,1
12,106,84,22,377,27.8,0.228,33,0
9,133,66,31,115,18.8,0.843,34,1
5,157,80,32,283,22.7,0.461,47,1
11,79,73,34,191,29.9,0.08,39,0
5,92,70,31,282,34.6,0.404,23,0
6,89,85,40,242,34.8,0.18,28,0
5,125,86,36,141,35.6,0.19,50,1
10,132,66,23,7,36.8,0.416,50,1
0,121,61,54,252,34.6,0.823,28,1
7,98,57,16,186,35.1,0.749,44,0
3,104,56,16,165,30.5,0.93,33,1
13,156,88,40,200,36.0,0.468,46,1
3,154,94,31,48,31.3,0.08,22,1
5,124,75,27,132,31.5,0.284,43,1
0,81,85,31,120,33.4,0.17,27,0
6,139,64,36,0,48.2,0.242,21,1
7,129,72,25,10,21.8,1.348,41,1
10,128,83,23,109,28.7,0.733,41,1
6,172,76,19,0,30.2,0.149,21,0
3,145,72,21,188,35.1,0.863,21,1
0,91,53,21,191,32.2,0.371,32,0
12,91,55,41,113,43.6,0.08,39,1
2,161,68,32,146,21.2,0.856,27,1
10,126,66,35,0,44.9,0.312,35,1
12,147,72,24,136,23.4,0.511,28,1
4,117,65,40,189,27.1,1.228,27,1
1,92,70,14,166,36.1,0.134,38,0
9,130,73,34,204,32.8,0.812,48,1
5,169,78,36,114,32.0,0.366,39,1
0,132,73,23,302,32.7,0.101,30,0
13,88,66,19,159,34.9,0.386,25,1
12,113,69,34,192,38.9,0.526,36,1
1,107,83,22,219,35.1,0.531,21,1
10,127,70,20,49,23.4,0.08,35,1
5,153,61,29,17,27.0,0.746,32,1
0,182,61,18,191,41.8,0.187,33,1
11,129,76,28,5,45.7,0.57,30,1
11,110,79,49,65,38.7,0.536,31,1
0,125,87,25,210,39.7,0.286,21,0
1,123,69,38,19,34.4,0.666,41,1
0,110,88,19,30,46.7,0.232,29,1
13,124,68,30,6,28.2,0.157,33,0
13,123,70,27,24,29.8,0.08,27,0
