Age,Income,Buy_House
56,135,Yes
35,85,Yes
59,41,Yes
37,51,Yes
30,67,Yes
29,145,No
57,102,Yes
60,128,Yes
48,118,Yes
51,40,Yes
37,79,Yes
28,53,No
33,116,Yes
36,21,No
60,98,Yes
37,109,Yes
48,69,Yes
65,61,Yes
34,96,Yes
32,132,Yes
22,58,No
51,101,Yes
41,63,Yes
43,129,Yes
39,147,Yes
30,36,No
63,122,Yes
62,137,Yes
62,134,Yes
22,74,No
39,122,Yes
60,110,Yes
37,89,Yes
35,90,Yes
26,146,No
21,139,No
37,49,Yes
25,135,No
57,53,Yes
62,114,Yes
48,67,Yes
52,90,Yes
23,36,No
25,35,No
59,103,Yes
62,111,Yes
40,90,Yes
40,91,Yes
39,61,Yes
28,81,No
57,126,Yes
65,20,No
51,66,Yes
32,130,Yes
64,121,Yes
24,85,No
22,145,No
24,100,No
48,68,Yes
35,23,No
48,36,No
50,21,No
54,117,Yes
46,77,Yes
42,36,No
28,136,No
37,85,Yes
51,135,Yes
35,50,Yes
47,89,Yes
52,105,Yes
30,30,No
59,144,Yes
37,58,Yes
26,54,No
55,126,Yes
45,38,No
34,121,Yes
64,63,Yes
61,147,Yes
52,76,Yes
53,67,Yes
33,82,Yes
65,113,Yes
26,44,No
35,56,Yes
51,144,Yes
39,35,No
21,69,No
60,148,Yes
28,131,No
43,26,No
37,46,Yes
21,24,No
29,101,No
47,32,No
65,133,Yes
58,83,Yes
51,123,Yes
32,120,Yes
26,118,No
62,81,Yes
43,95,Yes
26,71,No
39,22,No
48,39,No
50,96,Yes
45,148,Yes
54,77,Yes
49,127,Yes
36,135,Yes
27,106,No
56,94,Yes
41,84,Yes
29,146,No
53,147,Yes
39,88,Yes
34,89,Yes
49,40,Yes
39,127,Yes
38,21,No
43,68,Yes
40,75,Yes
64,71,Yes
49,131,Yes
40,135,Yes
25,59,No
39,148,Yes
57,24,No
62,82,Yes
41,37,No
53,70,Yes
31,142,Yes
52,37,No
36,93,Yes
43,21,No
27,42,No
30,136,Yes
51,102,Yes
35,49,Yes
23,125,No
40,150,Yes
21,82,No
29,147,No
29,110,No
28,73,No
33,74,Yes
41,95,Yes
29,36,No
31,131,Yes
43,149,Yes
29,97,No
53,45,Yes
36,46,Yes
26,88,No
56,147,Yes
64,51,Yes
64,70,Yes
57,90,Yes
21,36,No
23,87,No
23,70,No
48,96,Yes
22,73,No
44,81,Yes
22,90,No
44,69,Yes
43,40,Yes
40,26,No
45,41,Yes
21,114,No
34,132,Yes
30,112,Yes
22,35,No
30,131,Yes
21,144,No
61,133,Yes
44,83,Yes
60,121,Yes
25,66,No
38,119,Yes
48,141,Yes
57,125,Yes
54,60,Yes
44,82,Yes
26,27,No
57,108,Yes
39,78,Yes
55,55,Yes
51,30,No
34,131,Yes
54,127,Yes
56,109,Yes
50,140,Yes
22,111,No
39,65,Yes
41,68,Yes
62,40,Yes
21,127,No
55,25,No
35,84,Yes
51,117,Yes
61,145,Yes
31,36,No
26,86,No
36,112,Yes
40,144,Yes
47,53,Yes
42,128,Yes
46,28,No
58,116,Yes
38,46,Yes
51,94,Yes
21,36,No
49,42,Yes
29,87,No
35,56,Yes
21,36,No
52,149,Yes
26,111,No
47,61,Yes
62,115,Yes
40,93,Yes
49,23,No
32,124,Yes
56,72,Yes
40,139,Yes
24,49,No
44,138,Yes
24,143,No
52,138,Yes
23,62,No
50,130,Yes
59,100,Yes
39,129,Yes
28,74,No
21,26,No
56,119,Yes
58,93,Yes
22,139,No
51,60,Yes
48,106,Yes
52,27,No
50,52,Yes
27,56,No
28,65,No
56,28,No
35,128,Yes
30,36,No
28,107,No
46,127,Yes
47,38,No
60,78,Yes
52,129,Yes
59,147,Yes
35,135,Yes
25,38,No
63,35,No
42,114,Yes
31,34,No
25,142,No
53,116,Yes
38,128,Yes
58,56,Yes
24,143,No
36,20,No
38,104,Yes
44,87,Yes
32,57,Yes
51,148,Yes
47,63,Yes
29,76,No
41,91,Yes
31,24,No
46,122,Yes
30,60,Yes
52,45,Yes
60,113,Yes
62,39,No
43,140,Yes
37,147,Yes
65,137,Yes
36,139,Yes
60,62,Yes
36,49,Yes
52,38,No
34,120,Yes
38,20,No
56,60,Yes
40,96,Yes
49,45,Yes
40,51,Yes
42,73,Yes
37,129,Yes
53,100,Yes
47,63,Yes
51,143,Yes
51,149,Yes
50,104,Yes
35,26,No
35,36,No
55,59,Yes
29,125,No
38,87,Yes
61,61,Yes
31,67,Yes
27,77,No
30,56,Yes
50,50,Yes
54,113,Yes
45,146,Yes
39,98,Yes
41,57,Yes
46,124,Yes
26,86,No
33,68,Yes
36,68,Yes
45,89,Yes
59,120,Yes
33,25,No
22,128,No
26,124,No
38,68,Yes
32,66,Yes
45,135,Yes
40,44,Yes
47,57,Yes
63,129,Yes
44,117,Yes
64,61,Yes
29,73,No
31,36,No
60,122,Yes
24,73,No
65,26,No
25,110,No
51,97,Yes
51,78,Yes
52,38,No
47,79,Yes
53,24,No
34,96,Yes
33,44,Yes
40,133,Yes
31,44,Yes
54,68,Yes
58,87,Yes
54,146,Yes
21,95,No
65,96,Yes
57,38,No
21,65,No
29,45,No
45,51,Yes
47,49,Yes
26,61,No
50,121,Yes
39,145,Yes
33,51,Yes
27,93,No
42,135,Yes
23,82,No
43,34,No
52,118,Yes
33,28,No
59,30,No
26,114,No
36,48,Yes
43,140,Yes
39,119,Yes
52,104,Yes
60,73,Yes
58,78,Yes
39,83,Yes
57,51,Yes
57,142,Yes
24,27,No
30,129,Yes
21,68,No
29,20,No
63,128,Yes
38,102,Yes
21,99,No
46,140,Yes
57,32,No
35,131,Yes
26,81,No
34,110,Yes
30,43,Yes
62,28,No
26,105,No
34,132,Yes
54,133,Yes
21,33,No
24,36,No
51,104,Yes
27,33,No
56,50,Yes
24,120,No
60,72,Yes
