Property_ID,Price_Lakh,Bedrooms,Property_Age_Years,Distance_City_KM,Location_Score,Condition_Score,Amenities_Score,Days_On_Market,Sold_Within_6_Months
1,137,3,27,10.9,8.9,8.4,8.8,27,1
2,86,3,25,8.6,8.4,3.1,9.6,104,1
3,127,4,6,15.4,3.5,7.2,3.2,305,0
4,49,2,24,21.1,3.3,7.0,7.0,27,1
5,141,2,3,11.1,7.3,8.0,5.8,176,1
6,106,5,12,28.2,5.4,7.2,4.8,115,1
7,95,1,19,2.1,4.5,8.8,4.8,121,1
8,55,5,0,13.1,7.1,9.7,5.3,24,1
9,137,4,7,29.1,5.4,5.4,7.6,105,1
10,117,4,13,16.9,6.8,4.6,6.8,53,1
11,121,4,15,13.3,6.2,6.0,5.7,74,1
12,109,4,13,17.5,7.1,5.0,2.6,138,1
13,109,4,11,17.7,5.8,7.3,2.6,177,1
14,122,3,18,22.2,7.9,9.4,2.0,133,1
15,134,2,22,4.7,4.3,4.0,9.7,347,0
16,138,4,14,8.3,7.9,3.7,2.0,45,1
17,58,1,27,17.8,5.9,4.8,2.8,155,1
18,37,1,1,26.1,9.1,8.1,4.5,66,1
19,56,1,1,17.3,6.6,7.2,8.5,132,1
20,87,1,22,7.9,9.8,3.7,9.7,95,1
21,36,3,30,20.7,7.2,9.4,8.3,91,1
22,122,1,21,22.5,4.6,8.5,7.5,108,1
23,142,4,18,7.9,8.8,3.2,6.2,65,1
24,64,5,24,12.0,5.4,7.6,2.7,52,1
25,72,1,25,16.5,5.4,8.4,9.7,20,1
26,36,3,30,15.4,3.2,5.6,8.1,166,1
27,98,3,29,12.3,6.8,3.5,7.1,50,1
28,94,1,28,9.6,6.7,3.5,8.1,161,1
29,55,5,21,3.9,5.5,3.7,7.8,72,1
30,67,1,25,2.6,9.3,8.9,7.1,67,1
31,110,3,25,28.8,3.9,9.4,9.8,88,1
32,92,2,21,25.6,5.3,3.9,9.2,329,0
33,56,4,16,11.3,5.3,4.7,7.2,109,1
34,142,3,19,28.7,3.6,4.2,7.5,82,1
35,123,1,9,20.6,6.4,4.3,2.4,92,1
36,83,4,5,15.0,7.8,8.9,7.4,180,1
37,125,1,14,15.3,6.6,5.3,2.4,247,0
38,93,1,21,3.4,4.1,5.2,6.7,32,1
39,76,2,10,3.7,5.6,4.6,10.0,92,1
40,126,4,27,18.5,3.0,7.3,6.4,96,1
41,94,4,4,17.1,9.1,5.7,5.8,178,1
42,114,2,0,7.2,3.6,8.2,4.5,87,1
43,49,3,7,28.4,7.2,4.4,3.0,117,1
44,96,1,20,23.7,9.9,8.5,7.8,144,1
45,96,5,27,4.3,6.8,7.2,3.5,121,1
46,81,1,11,28.0,9.5,3.8,2.9,151,1
47,96,1,11,29.3,4.7,5.9,5.4,121,1
48,85,3,4,29.9,8.3,9.0,8.4,38,1
49,142,1,6,2.6,6.7,9.5,8.0,101,1
50,89,2,3,22.4,8.0,6.3,2.4,160,1
51,150,2,5,16.8,3.4,6.4,5.6,330,0
52,98,4,12,21.5,4.0,9.4,6.2,102,1
53,37,5,19,29.1,3.9,7.1,7.2,128,1
54,135,1,29,21.0,7.8,3.2,7.2,467,0
55,85,1,14,25.3,8.9,9.4,4.9,148,1
56,41,3,2,26.1,8.2,4.7,6.5,107,1
57,55,2,22,25.3,3.2,7.0,5.8,73,1
58,107,5,7,13.4,9.1,4.2,9.1,108,1
59,73,4,19,7.5,5.5,3.2,6.2,162,1
60,52,2,15,12.5,5.8,5.2,5.5,84,1
61,38,4,12,26.9,3.7,8.5,5.2,95,1
62,123,3,17,5.3,8.2,4.9,6.6,162,1
63,94,3,27,15.9,4.3,4.5,8.4,168,1
64,48,1,9,7.8,6.9,4.5,6.3,166,1
65,148,5,29,17.9,8.9,6.6,7.3,79,1
66,43,4,18,26.0,3.6,9.8,7.9,112,1
67,124,2,16,26.5,6.7,6.2,6.2,180,1
68,87,3,23,7.9,4.6,6.9,5.4,68,1
69,36,1,30,27.3,5.4,9.0,9.0,54,1
70,118,1,18,18.2,6.3,6.7,5.3,121,1
71,126,4,27,11.2,5.5,4.3,5.7,30,1
72,145,3,25,21.5,7.5,5.1,9.9,118,1
73,94,5,22,15.0,6.4,5.2,2.0,129,1
74,105,3,25,12.0,7.1,5.8,3.5,93,1
75,78,4,4,21.4,8.2,6.0,5.1,28,1
76,42,4,25,8.2,6.9,8.6,9.5,22,1
77,81,3,20,10.6,7.1,5.4,2.6,104,1
78,69,4,29,13.6,7.0,6.3,2.1,45,1
79,112,3,22,8.4,5.7,7.4,2.4,91,1
80,115,2,30,12.8,5.4,5.6,2.7,468,0
81,70,3,8,17.6,9.3,8.9,2.3,175,1
82,84,3,11,22.5,7.3,7.1,5.8,136,1
83,138,4,20,23.2,4.7,5.1,6.6,173,1
84,38,4,0,24.9,6.5,8.0,4.2,172,1
85,36,1,25,22.6,5.3,6.7,5.2,31,1
86,40,1,25,20.8,9.5,6.7,2.7,152,1
87,88,2,0,7.9,3.1,6.4,4.7,67,1
88,140,1,14,12.6,4.6,6.5,6.2,56,1
89,38,3,1,14.9,5.6,8.4,7.9,63,1
90,88,4,29,3.4,6.4,3.7,2.0,34,1
91,127,1,21,16.3,9.0,5.3,5.7,62,1
92,97,1,15,13.7,3.6,3.5,4.4,429,0
93,52,2,24,24.3,8.6,8.3,8.8,89,1
94,124,2,7,29.4,3.4,4.9,7.7,65,1
95,78,3,12,17.1,8.9,9.3,6.7,127,1
96,68,4,20,10.4,3.4,6.7,4.2,142,1
97,108,2,0,2.3,3.1,8.6,9.3,40,1
98,96,1,15,27.8,7.9,9.9,2.4,170,1
99,134,4,28,27.7,10.0,8.9,2.9,126,1
100,48,4,6,8.3,9.3,9.1,5.1,99,1
101,129,1,30,21.2,7.0,5.9,3.0,66,1
102,82,2,4,3.2,9.4,6.9,9.7,136,1
103,49,1,21,5.8,3.0,4.8,8.4,143,1
104,106,4,28,7.3,9.8,4.4,4.1,162,1
105,112,5,22,9.5,6.4,6.5,6.7,44,1
106,121,5,2,29.9,8.1,7.2,9.9,55,1
107,96,3,11,21.2,8.7,5.4,9.1,70,1
108,74,1,25,12.1,8.0,7.0,6.8,34,1
109,119,1,15,22.4,6.7,9.2,9.2,87,1
110,114,3,18,27.5,6.3,6.9,9.9,40,1
111,143,3,4,28.8,8.9,8.0,7.9,160,1
112,116,3,21,2.7,4.4,8.6,2.5,38,1
113,145,4,24,12.4,9.8,9.9,5.2,53,1
114,87,1,28,4.1,8.0,7.2,8.7,97,1
115,58,4,13,10.7,4.4,8.6,3.8,144,1
116,60,3,27,5.9,8.2,9.7,8.6,136,1
117,123,1,4,19.8,6.7,9.6,3.0,71,1
118,94,4,14,12.3,8.0,4.0,2.4,46,1
119,143,4,16,7.7,8.4,5.8,5.1,176,1
120,75,3,29,8.7,3.6,5.3,2.3,310,0
121,63,1,13,11.5,6.5,3.6,9.7,54,1
122,49,3,29,8.5,9.5,7.4,8.6,155,1
123,79,1,19,14.1,5.2,8.2,8.4,163,1
124,99,5,4,1.9,7.2,8.9,7.0,125,1
125,123,2,11,9.1,5.6,3.9,3.7,177,1
126,105,2,15,12.9,6.2,9.1,6.1,165,1
127,43,2,25,18.5,6.8,7.5,6.8,21,1
128,122,3,25,8.9,6.8,7.9,6.2,96,1
129,35,5,15,4.9,4.4,9.4,4.1,151,1
130,142,1,20,3.2,7.8,7.4,6.1,109,1
131,42,4,6,28.3,3.6,5.4,5.9,108,1
132,122,1,3,13.1,4.0,8.8,10.0,113,1
133,97,4,0,17.9,3.0,5.5,9.2,26,1
134,45,1,29,27.7,3.8,3.2,5.7,490,0
135,149,5,29,3.4,6.3,8.8,7.0,127,1
136,115,4,4,26.4,7.2,5.4,8.0,205,0
137,42,3,22,17.0,8.6,8.4,2.3,58,1
138,69,1,25,5.8,3.7,5.5,9.2,160,1
139,69,1,9,12.9,9.0,9.0,8.9,178,1
140,67,4,21,23.6,8.2,4.5,5.7,90,1
141,39,3,4,14.9,5.9,9.8,5.1,75,1
142,140,3,3,29.6,9.5,8.5,4.2,61,1
143,137,5,1,11.9,9.9,3.8,5.8,55,1
144,75,3,19,22.7,4.4,7.0,2.4,468,0
145,62,3,30,12.4,5.7,9.9,8.8,137,1
146,41,3,9,25.0,9.5,6.3,2.3,26,1
147,107,2,25,17.5,8.1,4.3,4.6,73,1
148,106,5,18,2.8,3.3,6.4,9.5,148,1
149,46,1,25,2.1,8.5,6.6,7.9,139,1
150,68,4,0,4.9,8.8,8.2,4.3,125,1
151,67,1,23,1.4,8.3,7.9,4.0,66,1
152,82,5,4,3.2,8.6,5.8,2.0,142,1
153,57,4,12,21.1,8.8,4.5,7.6,160,1
154,96,5,3,16.5,4.3,7.5,2.4,138,1
155,122,3,15,22.7,4.6,6.0,6.3,434,0
156,71,4,23,27.5,7.4,3.9,9.7,137,1
157,133,3,15,18.0,9.4,9.3,2.9,40,1
158,78,1,22,22.1,5.2,7.8,9.2,156,1
159,138,1,1,23.0,7.1,7.8,9.9,45,1
160,120,4,16,12.0,7.8,8.8,2.5,28,1
161,125,4,27,8.0,6.2,6.7,9.1,34,1
162,69,5,26,6.9,8.0,8.7,6.1,29,1
163,99,5,19,8.3,9.3,6.5,9.3,141,1
164,133,3,23,9.0,7.4,3.5,6.6,140,1
165,135,4,11,7.0,6.8,5.8,7.3,144,1
166,81,1,17,26.5,6.1,6.5,6.4,91,1
167,112,5,2,23.0,7.0,8.0,8.9,171,1
168,37,5,27,2.4,5.5,3.7,7.9,68,1
169,35,1,0,8.8,5.7,4.0,6.2,173,1
170,39,5,0,1.6,6.7,4.8,8.9,110,1
171,124,3,28,15.4,3.5,4.9,4.0,370,0
172,48,4,18,14.8,4.6,8.1,3.3,87,1
173,137,1,10,25.1,6.8,4.8,3.3,69,1
174,61,4,4,9.9,6.0,7.4,4.7,171,1
175,43,5,11,24.7,5.3,6.5,3.9,38,1
176,113,5,2,29.1,8.1,7.0,9.4,119,1
177,49,1,0,3.6,7.9,8.9,2.8,79,1
178,124,3,0,24.0,4.2,5.8,7.6,108,1
179,76,2,7,18.1,9.2,8.4,3.5,165,1
180,111,1,9,14.9,6.5,6.0,9.1,166,1
181,85,2,10,13.2,8.2,5.5,9.7,88,1
182,97,2,11,23.8,7.0,9.7,5.7,68,1
183,130,3,28,19.5,10.0,4.3,9.0,127,1
184,137,2,12,24.3,8.3,3.6,2.0,488,0
185,147,2,11,27.2,7.9,8.4,8.6,138,1
186,86,3,30,18.9,8.5,3.5,3.8,168,1
187,130,2,13,29.4,4.0,8.9,9.3,169,1
188,38,2,1,18.6,4.4,6.1,2.0,56,1
189,128,2,28,19.5,8.0,9.4,6.4,162,1
190,135,1,18,17.1,6.5,8.1,8.1,179,1
191,57,1,17,3.6,8.3,7.3,4.1,30,1
192,137,1,2,22.1,3.7,9.6,3.5,436,0
193,143,3,22,16.9,6.8,5.8,2.7,187,0
194,49,5,16,14.1,5.7,9.7,4.6,96,1
195,77,2,25,27.4,6.2,3.9,6.5,272,0
196,63,2,7,9.6,7.2,6.4,2.9,21,1
197,70,3,28,16.2,6.5,4.9,5.0,83,1
198,47,2,25,21.2,6.8,6.8,2.1,54,1
199,66,1,9,24.1,6.4,4.1,8.5,26,1
200,105,5,25,14.3,5.9,8.9,3.0,104,1
