Weight,Height,Age,Gender
88.2,1.94,58,Female
71.4,1.7,62,Male
53.7,1.52,21,Male
63.5,1.69,33,Female
61.2,1.58,23,Male
70.0,1.78,33,Female
63.2,1.6,58,Male
77.3,1.8,47,Female
63.6,1.53,40,Male
74.2,1.79,45,Female
82.8,1.88,30,Female
55.0,1.55,42,Female
79.6,1.95,36,Female
64.3,1.62,54,Female
90.4,1.91,65,Male
76.6,1.85,32,Female
57.5,1.6,30,Female
80.5,1.78,58,Male
74.9,1.85,20,Female
57.2,1.54,36,Male
57.3,1.58,26,Female
70.5,1.74,35,Female
87.1,1.91,48,Female
78.6,1.84,39,Female
84.1,1.93,27,Female
90.4,1.89,64,Male
84.2,1.94,53,Female
49.0,1.51,52,Female
72.6,1.8,61,Female
74.3,1.87,41,Female
77.4,1.71,57,Male
82.0,1.91,32,Female
82.6,1.91,37,Female
56.4,1.56,20,Male
57.1,1.55,33,Female
70.4,1.67,41,Male
68.8,1.76,64,Female
73.9,1.79,49,Female
48.7,1.51,41,Female
79.3,1.93,41,Female
69.4,1.75,59,Female
61.6,1.62,25,Female
53.7,1.54,31,Female
55.3,1.52,39,Male
77.1,1.85,31,Male
72.7,1.76,32,Male
79.4,1.85,56,Male
88.9,1.94,52,Male
53.9,1.55,19,Male
77.4,1.86,33,Female
56.1,1.58,21,Male
66.4,1.74,65,Female
78.6,1.85,50,Female
64.5,1.73,57,Female
58.6,1.71,19,Female
81.4,1.88,45,Female
70.5,1.82,46,Female
60.5,1.64,27,Male
73.2,1.78,55,Female
64.8,1.67,56,Female
63.6,1.73,45,Female
91.0,1.88,59,Male
68.2,1.69,32,Male
62.1,1.68,64,Female
58.4,1.64,34,Female
75.9,1.81,48,Male
59.9,1.54,24,Male
75.3,1.87,53,Female
71.5,1.8,44,Female
78.2,1.89,64,Female
66.2,1.77,40,Female
59.6,1.57,48,Male
68.1,1.66,53,Male
73.4,1.76,45,Female
81.8,1.77,60,Male
52.8,1.51,35,Female
76.5,1.91,40,Female
70.6,1.75,43,Male
57.8,1.54,51,Male
62.0,1.7,28,Female
79.1,1.85,54,Female
59.0,1.57,57,Male
66.6,1.62,60,Male
65.5,1.69,31,Female
63.9,1.66,25,Male
62.9,1.74,37,Female
76.8,1.94,21,Female
84.1,1.93,26,Female
58.4,1.65,18,Female
56.7,1.58,42,Female
78.5,1.73,60,Male
67.7,1.68,65,Male
73.0,1.71,22,Male
73.5,1.76,63,Female
56.2,1.55,19,Female
85.0,1.86,57,Male
48.9,1.54,24,Female
71.9,1.74,43,Female
51.8,1.6,28,Female
76.7,1.74,30,Male
