Trip_Miles,Trip_Seconds,Pickup_Hour,Payment_Type,Fare
16.17,402,23,Card,42.38
3.92,719,21,Cash,15.42
1.28,683,6,Cash,8.62
1.15,1114,22,Card,8.61
14.94,326,5,Card,39.55
4.31,3427,10,Cash,23.39
2.87,1708,19,Card,17.06
18.38,2496,3,Card,54.0
7.68,2874,19,Card,31.57
17.76,487,21,Cash,48.59
24.64,1253,3,Card,65.67
16.07,1794,5,Card,47.22
16.92,3174,21,Cash,54.87
4.69,3286,7,Cash,25.31
7.11,2921,22,Cash,30.79
21.15,3478,1,Cash,66.89
20.22,1943,8,Cash,57.1
23.6,3240,10,Cash,71.31
10.19,2933,14,Cash,36.54
6.54,2599,17,Card,28.6
11.0,2690,12,Card,37.49
24.94,2387,15,Cash,72.09
21.6,926,20,Cash,59.34
10.84,560,12,Card,31.52
11.97,1329,17,Cash,37.13
3.31,2499,8,Card,17.97
11.15,2158,0,Card,39.09
19.17,2379,3,Card,58.55
12.94,1114,4,Card,39.07
13.71,3489,16,Cash,48.18
12.47,758,11,Card,34.66
6.4,2623,2,Cash,28.28
20.49,3415,17,Cash,62.32
12.14,2551,5,Card,41.0
15.36,1167,17,Cash,44.86
10.28,3051,20,Card,37.84
13.18,795,7,Cash,35.79
1.02,2568,7,Cash,12.29
17.84,541,7,Cash,49.49
21.56,590,16,Cash,56.07
12.39,2508,4,Card,40.32
12.09,1967,6,Cash,37.21
11.06,2034,13,Card,38.03
1.83,2976,20,Cash,15.8
18.34,3579,3,Cash,57.96
13.64,874,13,Cash,38.01
6.62,608,14,Cash,19.37
24.98,360,2,Cash,63.07
12.4,1175,12,Cash,35.59
0.55,1899,8,Card,10.04
17.57,3292,17,Card,55.01
7.77,539,18,Cash,24.69
1.9,2692,15,Cash,15.01
12.94,1061,2,Cash,38.54
6.26,791,18,Cash,21.23
1.47,635,13,Card,10.63
5.5,3233,10,Cash,26.29
3.71,2943,9,Card,21.23
18.92,597,0,Card,51.13
14.29,709,2,Cash,39.93
3.75,1729,2,Cash,17.49
4.36,2525,22,Card,22.58
24.69,2978,16,Cash,73.1
14.09,3017,3,Cash,46.18
22.3,3340,17,Cash,66.99
15.32,3239,10,Cash,51.56
21.4,2370,15,Card,64.13
21.23,678,20,Card,57.78
1.58,1666,4,Card,11.24
11.32,3190,13,Cash,39.5
23.65,3130,4,Cash,71.78
14.77,906,13,Cash,39.89
9.43,3560,1,Card,36.59
6.61,721,11,Card,23.41
18.86,1269,5,Cash,54.27
1.11,3316,10,Card,18.18
21.67,1316,8,Cash,60.79
3.15,458,15,Cash,11.13
23.0,1732,9,Cash,63.12
16.67,1932,10,Card,51.16
24.19,1443,11,Card,66.83
21.17,1656,0,Cash,61.09
6.9,2678,8,Cash,27.17
11.15,3284,10,Card,41.38
13.03,1877,18,Cash,39.8
17.87,306,16,Cash,46.61
2.21,3020,10,Card,19.27
3.55,1530,16,Card,17.54
8.49,3155,9,Cash,32.91
16.79,1852,21,Cash,50.18
7.87,2544,0,Card,29.77
11.03,2675,19,Card,38.5
11.33,1175,16,Card,35.53
24.02,3314,5,Cash,71.08
16.76,2836,10,Cash,54.2
18.9,3055,9,Cash,60.02
4.11,489,7,Card,15.19
19.33,2165,13,Cash,57.73
9.91,1936,7,Cash,34.11
0.64,3375,3,Card,14.91
20.2,3150,16,Card,60.43
6.61,797,14,Cash,22.98
16.86,2589,19,Card,54.14
22.34,2809,23,Card,67.55
13.92,951,23,Card,39.63
18.92,2911,8,Card,58.87
7.23,617,22,Card,21.6
8.73,2512,2,Cash,31.18
9.88,925,22,Cash,28.3
10.49,2522,14,Card,35.08
20.91,1895,18,Cash,61.18
19.26,1858,15,Cash,57.44
7.82,1897,13,Cash,28.29
7.19,2289,0,Card,27.48
17.14,1956,23,Cash,52.27
23.03,2848,17,Cash,69.64
15.0,3015,0,Cash,49.87
3.82,2191,5,Cash,18.76
8.52,2162,10,Card,31.95
9.79,3380,13,Card,39.35
12.02,3368,17,Cash,45.32
9.07,2962,2,Cash,35.91
23.77,1116,0,Cash,62.97
12.1,768,18,Cash,34.71
6.78,1810,5,Cash,26.67
4.51,1574,3,Cash,21.04
14.61,1837,12,Cash,42.74
17.42,2869,7,Cash,55.41
7.89,3102,19,Cash,33.71
14.37,468,11,Card,39.94
2.19,2952,10,Cash,19.74
20.65,732,13,Card,55.79
20.8,3197,4,Card,62.53
13.28,2964,8,Card,44.86
20.73,2726,8,Card,63.5
20.85,654,8,Card,54.45
11.89,2799,21,Card,40.46
12.61,1631,5,Card,37.8
20.05,1694,8,Card,57.24
13.16,1082,2,Cash,39.32
12.47,3405,7,Card,45.11
12.53,3547,0,Cash,44.32
10.41,1296,9,Card,32.45
13.51,2042,23,Card,41.89
11.62,1555,8,Cash,34.8
5.22,789,23,Cash,17.17
18.6,1432,23,Card,54.59
20.9,1513,7,Card,57.17
0.85,2487,4,Card,11.76
1.84,1496,22,Cash,13.2
18.94,720,0,Card,50.98
11.29,1055,1,Card,35.63
12.2,567,12,Card,32.72
15.92,519,4,Cash,44.43
23.75,648,7,Cash,62.64
10.7,2741,19,Cash,39.17
9.82,2113,9,Card,33.08
15.72,2797,23,Cash,52.09
5.59,1164,8,Cash,19.17
4.76,607,5,Cash,16.33
17.39,2224,9,Cash,51.33
17.82,3179,14,Cash,57.36
23.14,3526,20,Cash,70.24
13.84,2952,4,Card,47.61
2.25,979,9,Card,11.67
11.98,1545,22,Card,38.92
12.76,2322,14,Cash,42.01
22.29,3308,10,Card,65.88
6.11,3061,18,Cash,30.12
16.97,1403,18,Cash,49.71
4.79,2425,20,Card,24.49
4.95,2697,13,Card,26.0
12.02,1972,10,Card,39.35
21.51,1650,13,Card,59.53
23.66,3415,17,Cash,71.24
8.21,1624,3,Card,29.83
20.71,304,21,Card,53.62
5.1,1781,19,Card,21.93
19.12,1133,8,Cash,54.63
11.23,3160,15,Cash,38.85
15.94,3573,7,Cash,52.66
0.84,1971,2,Cash,13.81
22.87,2190,3,Cash,65.43
18.06,2384,22,Card,54.2
12.32,2234,7,Card,40.47
9.9,2755,16,Cash,37.65
7.27,3535,13,Card,34.22
12.94,310,9,Card,36.69
14.71,3003,15,Cash,48.35
12.37,1661,17,Card,38.3
8.38,1072,22,Cash,27.22
6.22,3476,13,Cash,29.04
12.09,1861,12,Cash,38.45
1.41,2357,18,Card,15.97
21.92,2103,3,Card,60.93
4.03,2981,4,Cash,22.74
24.25,1686,19,Card,67.67
21.37,3062,17,Card,66.56
15.86,3410,15,Cash,53.15
6.25,3103,9,Cash,29.58
